Stanka Amadeo,56,1,ST
Andrea Tedeschi,56,1,AND
Hrvoje & Tina,56,2,HRV
Dubrovnik Wine 3,56,3,DW
Adventure Dalmatia Dubrovnik,56,3,ADD
Adventure Dalmatia Split,56,2,ADS
Amazing Hvar,56,4,AH
Ante Batarelo,56,2,AB
Antonija Buntak,56,5,AN
Da Riva,56,6,DR
Prodan Tartuffi,56,6,PRO
Kozlovic Winery,56,6,KOZ
Degenija 3,56,7,DJ
Doria,56,3,DO
Dream 3,56,2,DT
Eat in Split Food Tour,56,2,ES
Hvar Adventure,56,4,HA
Hvar 3,56,4,HT
Kameni Dvori,56,3,KD
Konoba Belin,56,1,KB
Korcula Explorer,56,1,KE
Kotor Private 3,56,8,LS
Nikol Sisejkovic,56,4,NK
Portal Split,56,2,PS
Sara GOT 3,56,2,GOT
Slovenia Explorer,56,9,SE
Unforgettable Croatia,56,5,UC
Zipline Omis,56,2,ZO
Darko Barisic,56,3,DBS
Dubrovnik Boats,56,3,DBO
Bota Sare,56,10,BOT
Rizman Winery,56,11,RIZ
Plitvice Lakes National Park,56,7,PLI
Krka National Park,56,12,KRK
Mljet National Park,56,13,MLJ
Blue Cave,56,14,BLU
